Name,Given Name,Additional Name,Family Name,Address,E-mail 1 - Value,Phone 1 - Value
Gerald Contact0,Gerald,,Contact0,The Moon,,0
Gerald Contact1,Gerald,,Contact1,The Moon,,1
Gerald Contact2,Gerald,,Contact2,The Moon,,2
Gerald Contact3,Gerald,,Contact3,The Moon,,3
Gerald Contact4,Gerald,,Contact4,The Moon,,4
Gerald Contact5,Gerald,,Contact5,The Moon,,5
Gerald Contact6,Gerald,,Contact6,The Moon,,6
Gerald Contact7,Gerald,,Contact7,The Moon,,7
Gerald Contact8,Gerald,,Contact8,The Moon,,8
Gerald Contact9,Gerald,,Contact9,The Moon,,9
Gerald Contact10,Gerald,,Contact10,The Moon,,10
Gerald Contact11,Gerald,,Contact11,The Moon,,11
Gerald Contact12,Gerald,,Contact12,The Moon,,12
Gerald Contact13,Gerald,,Contact13,The Moon,,13
Gerald Contact14,Gerald,,Contact14,The Moon,,14
